,Country Name,Continent,Population (Millions),GDP per Capita (PPP),Tax Burden % of GDP,Government Expenditure (% GDP),Unemployment (%),Inflation (%),Public Debt (% of GDP),Literacy (%),Birthrate,Deathrate,Business Freedom,Labor Freedom,Monetary Freedom,Trade Freedom,Investment Freedom ,Financial Freedom,Happiness Rank,Crime Index,Cost of Living Index,Rent Index,Cost of Living Plus Rent Index,Groceries Index,Restaurant Price Index,Local Purchasing Power Index
0,India,Asia,1380.004385,6461.009,6.81,28.156333333333333,7.11,6.195,89.559,59.5,22.01,8.18,63.9,58.16560546764405,70.0,71.0,40.0,40.0,136.0,2.0,24.43,5.3,15.47,26.43,17.56,49.72
1,Pakistan,Asia,220.892331,5150.037,11.38,22.254,4.65,10.741,87.206,45.7,29.74,8.23,49.5,51.577449175816646,65.9,65.8,60.0,40.0,72.07913669064749,5.0,19.92,3.91,12.42,17.81,15.54,26.63
2,Nigeria,Africa,206.139587,5186.766,6.3,12.481333333333334,9.01,13.247,35.054,68.0,40.43,16.94,41.2,73.55591939003996,67.5,68.6,45.0,40.0,118.0,6.0,30.49,35.99,33.07,33.65,20.92,9.34
3,Brazil,America,212.559409,14916.285,33.1,39.24699999999999,13.67,3.212,98.943,86.4,16.56,6.17,63.2,55.92339082395855,78.4,60.0,60.0,50.0,38.0,7.0,33.24,8.27,21.54,28.16,25.24,27.85
4,Bangladesh,Asia,164.689383,5307.243,7.69,15.015333333333333,5.3,5.648,38.855,43.1,29.8,8.27,55.6,36.578414178601186,70.0,63.8,50.0,40.0,94.0,8.0,33.13,4.42,19.67,30.41,21.7,25.3
5,Mexico,America,128.932753,19130.104,16.47,26.872666666666664,4.71,3.399,60.589,92.2,20.69,4.74,69.2,58.3533559359124,73.0,76.6,75.0,60.0,46.0,10.0,35.35,12.55,24.66,34.82,32.67,38.62
6,Ethiopia,Africa,114.963583,2908.295,6.7,15.307,2.79,20.354,55.263,42.7,37.98,14.86,42.7,38.83156983193212,57.7,61.4,30.0,20.0,131.0,12.0,47.49,16.88,33.14,36.68,18.03,10.15
7,Egypt,Africa,102.334403,12789.913,16.7,28.482666666666663,10.45,5.7,90.186,57.7,22.94,5.23,54.1,32.890999055809196,70.9,60.2,65.0,50.0,129.0,14.0,29.52,5.82,18.41,27.42,23.42,21.54
8,Taiwan ,Asia,23.6,55723.903,9.0,17.638333333333332,4.54,-0.17,33.67,96.1,12.56,6.48,84.3,68.74862321502563,86.1,86.0,70.0,60.0,26.0,15.46,62.35,17.69,41.42,76.19,29.42,58.35
9,Iran,Asia,83.992953,13073.18,8.4,15.799333333333335,10.96,36.5,42.768,79.4,17.0,5.55,38.9,49.4076394957263,42.3,59.2,5.0,10.0,110.0,17.0,37.39,17.05,27.85,29.46,25.18,17.98
10,Turkey,Asia,84.339067,30252.675,23.08,34.73933333333333,13.92,12.279,36.765,86.5,16.62,5.97,63.4,47.091986894262824,61.9,75.6,70.0,60.0,112.0,18.0,28.31,6.63,18.15,22.64,18.4,32.88
11,Switzerland,Europe,8.636896,72873.716,28.53,33.08233333333333,4.94,-0.726,42.949,99.0,9.71,8.49,84.3,59.97651250118754,84.9,86.6,85.0,90.0,4.0,21.62,123.35,53.54,90.62,128.13,122.09,118.44
12,Tanzania,Africa,59.734213,2820.598,11.7,16.470000000000002,2.16,3.0,38.182,78.2,37.71,16.39,46.3,61.96130623944783,73.8,59.8,55.0,50.0,139.0,22.0,32.81,12.36,23.23,30.04,24.86,15.97
13,Japan,Asia,125.836021,42248.002,32.03,39.778999999999996,2.97,-0.017,256.217,99.0,9.37,9.16,78.3,66.62346897767917,87.1,75.4,60.0,60.0,54.0,22.19,77.03,25.86,53.04,81.31,45.4,87.11
14,Slovenia,Europe,2.100126,38807.008,37.65,46.038333333333334,5.17,-0.051,81.452,99.7,8.98,10.31,79.7,63.32639746046401,85.1,79.2,70.0,50.0,22.0,22.28,53.88,17.9,37.01,47.71,46.74,59.48
15,Armenia,Asia,2.963234,13261.333,22.51,26.533666666666665,20.21,1.23,62.787,98.6,12.07,8.23,64.9,47.225439883145505,77.5,73.6,75.0,70.0,82.0,22.79,33.89,11.61,23.45,27.59,30.55,28.86
16,Georgia,Asia,3.714,14917.601,22.22,30.167999999999996,12.05,5.202,60.621,99.0,10.41,9.23,74.1,61.92584670406189,76.0,86.6,80.0,70.0,105.0,23.38,30.18,9.26,20.37,26.44,27.88,31.15
17,Estonia,Europe,1.331057,37745.14,33.07,41.49033333333333,6.46,-0.634,18.498,99.8,10.04,13.25,86.9,61.05648837894722,82.8,79.2,90.0,70.0,36.0,23.71,53.68,16.37,36.19,42.29,56.43,63.46
18,Iceland,Europe,0.366425,55965.786,36.08,45.89000000000001,5.01,2.851,79.867,99.9,13.64,6.72,83.3,67.39567908403582,79.3,81.0,80.0,70.0,3.0,23.75,94.86,41.93,70.05,90.22,99.42,77.06
19,South Africa,Africa,59.30869,12032.412,29.1,32.63166666666667,28.74,3.268,77.064,86.4,18.2,22.0,65.7,71.06949757569096,78.0,72.2,45.0,50.0,91.0,24.0,42.09,16.6,30.14,34.78,41.33,78.36
20,Croatia,Europe,4.0472,27717.422,22.2,49.560333333333325,7.2,0.258,87.207,98.5,9.61,11.48,72.4,58.68031437784912,80.5,79.2,75.0,60.0,47.0,24.59,48.94,13.38,32.27,41.98,41.29,47.55
21,Czech Republic,Europe,10.698896,40618.05,34.93,42.935,2.94,3.161,37.57,99.9,9.02,10.59,80.6,56.49667785948896,79.0,79.2,70.0,80.0,18.0,25.52,48.24,18.4,34.25,42.76,36.72,66.47
22,Austria,Europe,8.917205,55218.46,42.44,51.55766666666667,5.77,1.391,85.224,98.0,8.74,9.76,82.3,78.35993152253015,82.3,79.2,80.0,70.0,11.0,25.54,71.04,27.13,50.46,65.88,66.03,77.25
23,Denmark,Europe,5.831404,58932.766,46.34,51.27333333333333,5.66,0.333,43.42,100.0,11.13,10.36,89.0,64.3828417787064,85.7,79.2,90.0,80.0,2.0,26.22,84.12,33.23,60.26,68.6,98.75,99.45
24,"Korea, South",Asia,51.780579,44620.992,27.4,22.709333333333333,4.07,0.537,48.681,17800.0,3.0,10.0,84.8,55.62420120409905,85.2,73.0,60.0,60.0,59.0,26.68,73.22,20.02,48.28,91.95,42.1,76.85
25,Kenya,Africa,53.7713,4925.519,17.4,24.38533333333333,2.98,5.29,68.687,85.1,39.72,14.02,56.1,56.79263760180156,75.5,56.0,55.0,50.0,119.0,27.0,33.92,8.73,22.11,31.27,28.82,32.18
26,Netherlands,Europe,17.441139,57534.173,39.33,42.65533333333333,4.09,1.117,53.971,99.0,10.9,8.68,88.1,58.85056192769002,82.1,79.2,90.0,80.0,5.0,27.16,75.66,36.06,57.1,65.49,76.35,87.99
27,Finland,Europe,5.530719,49853.326,42.19,54.562999999999995,7.83,0.383,67.098,100.0,10.45,9.86,88.7,65.06021335301129,84.9,79.2,85.0,80.0,1.0,27.59,73.2,25.95,51.05,65.16,77.65,91.02
28,Singapore,Asia,5.685807,97056.534,13.2,18.164666666666665,5.19,-0.182,128.371,92.5,9.34,4.28,83.1,77.03038639614736,86.5,95.0,85.0,80.0,27.0,27.96,83.98,66.43,75.75,77.08,61.17,91.34
29,Colombia,America,50.882884,14323.895,19.68,33.651999999999994,15.44,2.522,62.787,92.5,20.48,5.58,68.8,60.72974499756009,79.3,76.4,80.0,70.0,66.0,28.0,26.72,8.18,18.03,23.47,19.44,28.85
30,Romania,Europe,19.286123,30526.307,14.6,34.68066666666667,4.84,2.646,50.105,98.4,10.7,11.77,71.4,64.07311323926623,78.8,79.2,70.0,50.0,28.0,28.3,35.24,10.17,23.49,31.38,30.02,48.12
31,Cuba,America,11.326616,12600.0,42.0,65.9,3.87,21.670460674157297,69.4,97.0,11.89,7.22,41.1,20.0,61.8,64.0,10.0,10.0,72.07913669064749,28.33,55.0,15.23,36.36,47.93,33.54,1.45
32,Brunei Darussalam,Asia,0.437483,62371.126,23.96,32.59733333333333,8.37,1.937,2.854,93.9,18.79,3.45,72.4,74.95834947917271,72.3,84.6,65.0,50.0,72.07913669064749,29.0,44.23,19.18992647058823,35.57419117647057,46.494926470588254,43.46286764705883,46.597205882352924
33,Portugal,Europe,10.305564,34042.658,34.84,44.90133333333333,7.2,-0.121,131.628,93.3,10.72,10.5,76.2,55.48680275644385,86.8,79.2,70.0,60.0,56.0,29.91,47.94,20.73,35.19,39.01,40.26,46.8
34,China,Asia,1402.112,17191.694,15.19,34.522999999999996,5.0,2.39,66.826,90.9,13.25,6.97,68.8,57.19354282593986,70.0,73.2,20.0,20.0,72.0,30.14,41.77,16.53,29.93,46.01,28.37,59.99
35,Slovakia,Europe,5.458827,32709.862,34.74,44.050666666666665,6.79,2.01,60.661,275.8004784688995,10.65,9.45,75.9,56.547658911360635,75.5,79.2,75.0,70.0,35.0,30.37,44.68,16.11,31.29,39.74,36.08,54.7
36,Poland,Europe,37.950802,34102.774,35.38,43.989666666666665,3.55,3.4,57.688,99.8,9.85,9.89,78.7,55.72403654576818,79.1,79.2,80.0,70.0,48.0,30.5,38.95,14.45,27.46,32.42,33.52,59.95
37,Uganda,Africa,45.741,2573.998,11.8,18.482666666666667,2.44,3.792,45.744,69.9,47.35,12.24,46.5,54.70454478957745,78.2,57.8,55.0,40.0,117.0,31.0,33.5,9.19,22.1,31.0,24.85,11.41
38,Azerbaijan,Asia,10.110116,14430.858,14.34,35.25866666666666,6.27,2.824,21.37,97.0,20.74,9.75,64.6,55.902056706969795,74.5,66.6,70.0,60.0,92.0,32.02,29.73,7.86,19.48,26.57,26.73,27.26
39,Argentina,America,45.376763,20750.99,28.6,39.58133333333333,11.67,42.015,102.998,97.1,16.73,7.55,55.1,51.04643511003553,37.9,60.6,55.0,60.0,57.0,33.0,34.69,7.71,22.04,28.17,33.32,30.72
40,Spain,Europe,47.351567,38392.273,34.65,45.339666666666666,15.67,-0.323,117.083,97.9,10.06,9.72,75.2,61.826119424364244,85.4,84.2,85.0,70.0,29.0,33.32,53.88,21.25,38.58,45.69,53.96,70.04
41,Lithuania,Europe,2.7947,38824.046,30.34,36.56166666666667,8.43,1.062,46.98,99.6,8.75,10.98,87.3,59.47427637922675,82.3,79.2,70.0,70.0,34.0,33.42,45.65,15.01,31.29,36.18,46.64,58.74
42,Norway,Europe,5.379475,65800.1,39.93,51.81533333333334,4.62,1.287,41.4,100.0,11.46,9.4,91.4,68.76774114604288,76.9,85.4,75.0,60.0,8.0,33.72,100.9,34.68,69.86,97.31,105.49,83.11
43,Luxembourg,Europe,0.632275,118001.58,39.22,44.14933333333334,6.69,0.004,25.546,100.0,11.94,8.41,89.3,56.328394695825786,80.1,79.2,95.0,80.0,6.0,34.13,80.5,60.09,70.93,74.75,88.79,98.84
44,Hungary,Europe,9.749763,33029.517,35.77,47.739000000000004,4.35,3.319,81.195,99.4,9.72,13.11,77.2,61.166349319651275,78.5,79.2,80.0,70.0,51.0,34.36,40.66,11.91,27.18,35.19,32.82,51.98
45,Iraq,Asia,40.222503,10002.965,1.4,40.300000000000004,13.74,0.573,81.153,40.4,31.98,5.37,61.2,55.7202824924999,74.39147727272727,69.53750000000004,57.13068181818182,48.86363636363637,107.0,35.0,34.47,10.63,23.29,30.46,28.31,40.92
46,Germany,Europe,83.240525,54075.675,38.81,46.71933333333334,4.31,0.371,68.926,99.0,8.25,10.62,87.2,52.283594474101946,79.5,79.2,80.0,70.0,14.0,35.79,65.58,27.62,47.78,52.31,60.91,103.08
47,Afghanistan,Asia,38.928341,2390.024,7.47,32.61161363636366,11.73,5.607,7.785,36.0,46.6,20.34,61.2,55.7202824924999,74.39147727272727,69.53750000000004,57.13068181818182,48.86363636363637,146.0,36.0,20.37,2.72,12.09,14.92,12.41,23.04
48,Serbia,Europe,6.908224,19145.561,24.1,43.77133333333333,9.08,1.672,58.369,93.0,21.370134529147986,9.818468468468472,74.4,62.8998864073692,81.6,77.0,70.0,50.0,43.0,38.1,36.21,8.73,23.33,28.18,29.24,37.83
49,Bulgaria,Europe,6.927288,23817.48,20.3,36.27700000000001,5.71,1.219,23.791,98.6,9.65,14.27,72.1,64.4127612717483,81.9,79.2,60.0,60.0,85.0,38.21,38.38,9.07,24.64,34.02,32.44,45.96
50,Latvia,Europe,1.901548,31509.061,31.2,39.498333333333335,8.19,0.081,45.48,99.8,9.24,13.66,81.9,62.3968201991324,83.8,79.2,85.0,60.0,42.0,38.77,48.45,11.77,31.26,38.37,42.1,51.65
51,North Macedonia,Europe,2.08338,16712.04,17.2,32.83733333333333,18.4,1.2,51.25,275.8004784688995,12.02,8.77,74.4,54.13175892483604,78.3,77.8,65.0,60.0,89.0,39.12,31.38,6.06,19.51,26.95,21.02,35.44
52,Thailand,Asia,69.799978,18236.36,15.8,22.82466666666667,1.02,-0.847,49.637,92.6,13.87,7.04,63.4,59.61333106109731,74.2,71.6,55.0,60.0,61.0,39.35,43.21,14.69,29.84,45.15,22.59,31.56
53,Russia,Asia,144.10408,27903.302,11.0,35.297333333333334,5.73,3.378,19.345,99.6,9.95,14.65,62.5,57.252939027974854,68.0,69.0,30.0,30.0,80.0,39.99,35.26,13.09,24.87,29.86,34.56,37.41
54,Malta,Europe,0.525285,42856.402,25.5,38.88233333333333,4.09,0.787,55.43,92.8,10.22,8.1,75.5,61.77854728853108,78.5,79.2,70.0,50.0,33.0,40.39,67.84,29.72,49.97,59.59,72.42,44.18
55,Saudi Arabia,Asia,34.813867,46810.63,7.4,37.720333333333336,8.22,3.438,32.435,78.8,29.34,2.58,68.1,41.23905063628157,79.0,74.8,45.0,50.0,25.0,41.0,50.41,11.67,32.25,42.57,35.5,91.85
56,Montenegro,Europe,0.621718,19252.303,38.1,48.470333333333336,15.86,-0.238,108.846,275.8004784688995,21.370134529147986,9.818468468468472,67.1,61.710616248175995,85.6,78.8,75.0,50.0,75.0,41.18,38.95,12.87,26.72,31.76,33.22,34.19
57,Canada,America,38.005238,48720.435,33.45,44.883,9.48,0.717,117.842,97.0,10.78,7.8,78.8,68.67593524562787,78.2,83.2,80.0,80.0,72.07913669064749,41.89,70.22,34.33,53.4,70.01,67.86,87.98
58,Angola,Africa,32.866268,6931.862,9.4,21.255,7.7,22.277,127.115,42.0,45.11,24.2,37.6,53.89353575090515,61.2,70.0,30.0,40.0,72.07913669064749,42.0,44.23,19.18992647058823,35.57419117647057,46.494926470588254,43.46286764705883,46.597205882352924
59,Sudan,Africa,43.849269,4097.683,7.8,15.418333333333335,17.71,163.259,262.519,61.1,34.53,8.97,25.0,44.75592615110361,13.7,48.0,5.0,20.0,72.07913669064749,42.34,44.23,19.18992647058823,35.57419117647057,46.494926470588254,43.46286764705883,46.597205882352924
60,Philippines,Asia,109.581085,8452.403,14.0,22.968,3.36,2.635,47.071,92.6,24.89,5.41,61.5,57.97575220368016,69.4,73.8,60.0,60.0,60.0,42.46,37.06,9.59,24.18,37.84,20.61,21.47
61,Albania,Europe,2.837743,14218.106,18.3,30.514666666666667,11.7,1.603,75.96,86.5,15.11,5.22,70.7,51.06612179757225,82.0,82.6,70.0,70.0,90.0,42.53,35.5,8.47,22.83,29.32,25.82,30.19
62,New Zealand,Oceania,5.0843,42018.047,32.31,39.367333333333335,4.55,1.715,41.337,99.0,13.76,7.53,81.3,70.53527246324836,81.8,90.0,70.0,80.0,10.0,42.88,74.52,34.44,55.73,72.04,70.05,83.63
63,Bosnia and Herzegovina,Europe,3.280815,15046.922,20.1,42.36233333333333,16.85,-0.577,38.341,275.8004784688995,8.77,8.27,66.6,60.218772353733534,84.9,68.8,65.0,60.0,67.0,42.99,36.12,6.82,22.39,31.14,25.34,44.1
64,Uzbekistan,Asia,34.23205,7449.334,19.56,26.991333333333333,5.97,12.855,37.908,99.3,26.36,7.84,59.1,47.984892619431726,61.6,75.6,50.0,40.0,53.0,43.0,27.31,9.29,18.86,26.83,24.22,22.37
65,Bermuda,America,9.9,12698.0,20.718022598870046,32.61161363636366,8.015921787709491,21.670460674157297,69.2471555555555,98.0,11.4,7.74,61.2,55.7202824924999,74.39147727272727,69.53750000000004,57.13068181818182,48.86363636363637,72.07913669064749,43.03,146.04,98.58,123.8,148.66,159.17,81.07
66,Barbados,America,0.287371,13552.686,33.1,31.220333333333333,12.79,2.882,148.968,97.4,12.71,8.67,64.7,63.374570045380395,78.6,58.4,70.0,60.0,72.07913669064749,43.03,92.37,21.99,59.38,87.81,78.18,32.08
67,Jersey ,Europe,9.9,12698.0,20.718022598870046,32.61161363636366,8.015921787709491,21.670460674157297,69.2471555555555,275.8004784688995,9.3,9.28,61.2,55.7202824924999,74.39147727272727,69.53750000000004,57.13068181818182,48.86363636363637,72.07913669064749,43.03,92.02,65.33,79.51,76.88,94.65,79.14
68,Guernsey ,Europe,9.9,12698.0,20.718022598870046,32.61161363636366,8.015921787709491,21.670460674157297,69.2471555555555,275.8004784688995,8.81,10.01,61.2,55.7202824924999,74.39147727272727,69.53750000000004,57.13068181818182,48.86363636363637,72.07913669064749,43.03,83.59,54.02,69.73,76.76,89.98,71.57
69,Hong Kong ,Asia,9.9,12698.0,20.718022598870046,32.61161363636366,8.015921787709491,21.670460674157297,69.2471555555555,93.5,7.29,6.29,61.2,55.7202824924999,74.39147727272727,69.53750000000004,57.13068181818182,48.86363636363637,72.07913669064749,43.03,80.71,74.57,77.83,84.72,58.58,65.74
70,Australia,Oceania,25.687041,51680.434,28.68,40.178999999999995,6.61,0.868,63.128,100.0,12.14,7.51,84.6,64.21607804510926,83.2,90.0,80.0,90.0,12.0,43.03,77.75,36.84,58.57,77.44,72.95,104.63
71,Puerto Rico ,America,9.9,12698.0,20.718022598870046,32.61161363636366,8.015921787709491,21.670460674157297,69.2471555555555,94.1,12.77,7.65,61.2,55.7202824924999,74.39147727272727,69.53750000000004,57.13068181818182,48.86363636363637,72.07913669064749,43.03,66.53,18.4,43.97,69.6,55.6,72.78
72,Seychelles,Africa,0.098462,25413.871,32.4,43.77666666666667,8.015921787709491,1.203,98.375,58.0,16.03,6.29,61.2,61.704015909209694,82.1,81.2,55.0,30.0,72.07913669064749,43.03,65.93,32.35,50.19,61.55,77.01,19.43
73,Yemen,Asia,29.825968,1927.331,20.718022598870046,32.61161363636366,13.42,26.183,83.156,50.2,42.89,8.3,61.2,55.7202824924999,74.39147727272727,69.53750000000004,57.13068181818182,48.86363636363637,132.0,43.03,53.14,6.71,31.38,67.12,24.74,14.41
74,Suriname,America,0.586634,14513.354,15.5,33.36633333333334,8.65,34.913,165.766,93.0,18.02,7.27,52.7,64.22595543425653,58.4,60.6,40.0,30.0,72.07913669064749,43.03,51.78,9.71,32.06,45.92,79.61,13.44
75,Senegal,Africa,16.74393,3478.479,16.5,24.417,7.1,2.533,65.811,40.2,32.78,9.42,57.9,53.912151300930994,76.1,65.8,60.0,40.0,103.0,43.03,50.25,22.97,37.46,42.17,46.22,23.45
76,Mauritania,Africa,4.64966,5833.875,16.0,18.825999999999997,10.66,2.264,59.534,41.7,40.99,12.16,35.7,48.91647695948791,80.3,60.6,50.0,40.0,133.0,43.03,44.08,10.95,28.55,45.61,33.44,29.62
77,Myanmar,Asia,9.9,12698.0,20.718022598870046,32.61161363636366,8.015921787709491,21.670460674157297,69.2471555555555,275.8004784688995,21.370134529147986,9.818468468468472,61.2,55.7202824924999,74.39147727272727,69.53750000000004,57.13068181818182,48.86363636363637,72.07913669064749,43.03,35.67,21.18,28.87,37.63,20.0,13.84
78,Kosovo,Asia,1.775378,11274.282,23.4,30.747666666666664,8.015921787709491,0.168,24.414,83.5,21.94,2.41,68.0,53.09725235712652,79.1,78.6,65.0,30.0,32.0,43.03,27.05,8.04,18.14,24.84,19.53,43.86
79,Kiribati,Oceania,0.119446,2199.787,24.86,119.13433333333334,8.015921787709491,2.482,17.258,275.8004784688995,30.65,8.26,63.2,65.10280661402291,80.7,80.0,25.0,30.0,72.07913669064749,43.03,44.23,19.18992647058823,35.57419117647057,46.494926470588254,43.46286764705883,46.597205882352924
80,Bhutan,Asia,0.771612,12059.621,15.4,30.746333333333336,3.74,4.15,120.743,42.2,33.65,12.7,62.9,57.18564974859867,72.7,40.8,20.0,30.0,72.07913669064749,43.03,44.23,19.18992647058823,35.57419117647057,46.494926470588254,43.46286764705883,46.597205882352924
81,Saint Lucia,America,0.183629,13359.365,21.1,26.662666666666667,17.13,-1.753,84.408,67.0,19.68,5.08,61.5,58.19536545374535,82.2,56.6,65.0,40.0,72.07913669064749,43.03,44.23,19.18992647058823,35.57419117647057,46.494926470588254,43.46286764705883,46.597205882352924
82,Samoa,Oceania,0.19841,5652.893,26.17,32.383,8.87,1.48,46.694,99.7,16.43,6.62,61.5,71.61640844796385,81.4,66.4,55.0,30.0,72.07913669064749,43.03,44.23,19.18992647058823,35.57419117647057,46.494926470588254,43.46286764705883,46.597205882352924
83,Saint Vincent and the Grenadines,America,0.110947,12606.055,25.4,33.219,20.27,-0.606,87.178,96.0,16.18,5.98,61.4,58.750973028920704,84.2,59.8,70.0,40.0,72.07913669064749,43.03,44.23,19.18992647058823,35.57419117647057,46.494926470588254,43.46286764705883,46.597205882352924
84,Ivory Coast,Africa,26.378275,5365.105,13.1,18.552999999999997,3.5,2.5,45.707,50.9,35.11,14.84,61.0,55.92210485873425,71.3,73.6,75.0,50.0,72.07913669064749,43.03,44.23,19.18992647058823,35.57419117647057,46.494926470588254,43.46286764705883,46.597205882352924
85,Cabo Verde,Africa,0.555988,6424.051,21.2,32.58566666666667,13.41,0.605,139.041,76.6,24.87,6.55,59.8,52.373537685329346,84.4,66.0,80.0,60.0,72.07913669064749,43.03,44.23,19.18992647058823,35.57419117647057,46.494926470588254,43.46286764705883,46.597205882352924
86,Tonga,Oceania,0.105697,6191.05,20.88,38.898,4.37,0.242,41.561,98.5,25.37,5.28,58.7,55.82417571942756,71.9,73.4,40.0,20.0,72.07913669064749,43.03,44.23,19.18992647058823,35.57419117647057,46.494926470588254,43.46286764705883,46.597205882352924
87,Timor-Leste,Asia,1.318442,3382.312,6.32,76.68766666666666,5.06,0.488,12.182,275.8004784688995,21.370134529147986,9.818468468468472,57.9,56.19728662138948,79.5,75.0,45.0,20.0,72.07913669064749,43.03,44.23,19.18992647058823,35.57419117647057,46.494926470588254,43.46286764705883,46.597205882352924
88,Tajikistan,Asia,9.537642,3675.627,9.0,30.337666666666667,7.5,8.589,48.136,99.4,32.65,8.25,56.9,43.12555767816621,67.1,69.6,25.0,30.0,83.0,43.03,44.23,19.18992647058823,35.57419117647057,46.494926470588254,43.46286764705883,46.597205882352924
89,Dominica,America,0.071991,11072.815,31.5,55.24,8.015921787709491,-0.295,97.102,94.0,15.27,6.73,55.8,58.97891384066581,84.9,55.6,70.0,40.0,72.07913669064749,43.03,44.23,19.18992647058823,35.57419117647057,46.494926470588254,43.46286764705883,46.597205882352924
90,Micronesia,Oceania,0.115021,3445.598,37.26,61.50833333333333,16.2,0.484,15.978,2000.0,2.0,24.68,52.4,81.50618708130976,84.3,74.8,35.0,30.0,72.07913669064749,43.03,44.23,19.18992647058823,35.57419117647057,46.494926470588254,43.46286764705883,46.597205882352924
91,Togo,Oceania,8.278737,2198.994,19.4,19.244,4.05,1.831,57.6,60.9,37.01,9.83,51.5,54.4551850188905,77.3,65.6,60.0,30.0,135.0,43.03,44.23,19.18992647058823,35.57419117647057,46.494926470588254,43.46286764705883,46.597205882352924
92,Gambia,Africa,2.416664,2275.495,10.8,23.001,9.64,5.931,75.827,1700.0,2.0,39.37,50.5,47.3194927403393,64.1,63.8,65.0,50.0,93.0,43.03,44.23,19.18992647058823,35.57419117647057,46.494926470588254,43.46286764705883,46.597205882352924
93,Gabon,Africa,2.225728,15970.052,11.5,18.099666666666668,20.47,1.335,72.504,63.2,36.16,12.25,49.9,53.981933697037014,81.5,56.8,60.0,40.0,106.0,43.03,44.23,19.18992647058823,35.57419117647057,46.494926470588254,43.46286764705883,46.597205882352924
94,Vanuatu,Oceania,0.30715,2585.77,17.84,36.48166666666666,1.95,2.915,44.208,53.0,22.72,7.82,49.1,40.02663844104061,74.4,61.6,65.0,40.0,72.07913669064749,43.03,44.23,19.18992647058823,35.57419117647057,46.494926470588254,43.46286764705883,46.597205882352924
95,São Tomé and Príncipe,Africa,0.219161,3829.284,12.5,23.727666666666664,13.86,9.808,81.385,79.3,40.25,6.47,49.0,41.642201648322164,65.9,65.0,60.0,30.0,72.07913669064749,43.03,44.23,19.18992647058823,35.57419117647057,46.494926470588254,43.46286764705883,46.597205882352924
96,Eswatini,Africa,1.160164,8956.868,17.2,34.705999999999996,23.4,3.872,47.075,275.8004784688995,21.370134529147986,9.818468468468472,48.9,54.80755677269668,77.9,71.8,50.0,40.0,125.0,43.03,44.23,19.18992647058823,35.57419117647057,46.494926470588254,43.46286764705883,46.597205882352924
97,Djibouti,Africa,0.988002,5096.106,21.8,23.58366666666667,11.57,2.878,42.236,67.9,39.53,19.31,48.6,50.65945070159699,69.5,43.2,60.0,50.0,72.07913669064749,43.03,44.23,19.18992647058823,35.57419117647057,46.494926470588254,43.46286764705883,46.597205882352924
98,Comoros,Africa,0.869595,3048.01,17.4,19.548000000000002,8.43,1.088,26.807,56.5,36.93,8.2,48.3,55.51941537693801,81.5,27.0,45.0,30.0,116.0,43.03,44.23,19.18992647058823,35.57419117647057,46.494926470588254,43.46286764705883,46.597205882352924
99,Benin,Africa,12.123198,3436.722,15.4,16.74666666666667,2.54,3.0,45.387,40.9,38.85,12.22,47.7,59.563584498218304,80.4,61.4,50.0,50.0,115.0,43.03,44.23,19.18992647058823,35.57419117647057,46.494926470588254,43.46286764705883,46.597205882352924
100,Guinea,Africa,13.132792,2604.139,15.6,15.539666666666667,4.35,10.602,41.379,35.9,41.76,15.48,45.4,49.53637997024629,69.7,66.4,50.0,40.0,109.0,43.03,44.23,19.18992647058823,35.57419117647057,46.494926470588254,43.46286764705883,46.597205882352924
101,Solomon Islands,Oceania,0.686878,2454.821,21.16,36.46866666666667,0.79,3.436,13.939,275.8004784688995,30.01,3.92,44.4,60.217578602092814,79.0,68.6,15.0,30.0,72.07913669064749,43.03,44.23,19.18992647058823,35.57419117647057,46.494926470588254,43.46286764705883,46.597205882352924
102,Lesotho,Africa,2.142252,2717.757,20.2,56.412,24.65,4.936,50.264,84.8,24.75,28.71,44.2,58.27495418500943,75.9,62.2,55.0,40.0,141.0,43.03,44.23,19.18992647058823,35.57419117647057,46.494926470588254,43.46286764705883,46.597205882352924
103,Mali,Africa,20.250834,2400.817,14.1,23.19,7.5,0.627,44.15,46.4,49.82,16.89,44.2,54.21702087080035,82.8,64.0,65.0,40.0,123.0,43.03,44.23,19.18992647058823,35.57419117647057,46.494926470588254,43.46286764705883,46.597205882352924
104,Burkina Faso,Africa,20.903278,2262.427,16.8,24.310333333333336,4.96,1.885,44.326,26.6,45.62,15.6,41.9,61.60675419860814,75.6,61.0,65.0,40.0,113.0,43.03,44.23,19.18992647058823,35.57419117647057,46.494926470588254,43.46286764705883,46.597205882352924
105,Burma,Asia,54.409794,5241.645,5.9,20.978333333333335,1.79,5.725,39.301,85.3,17.91,9.83,41.7,49.638986416397834,73.9,69.4,30.0,20.0,114.0,43.03,44.23,19.18992647058823,35.57419117647057,46.494926470588254,43.46286764705883,46.597205882352924
106,Turkmenistan,Asia,6.031187,16520.714,15.56,13.498333333333333,4.38,7.583,31.032,98.0,27.61,8.6,37.5,30.6833607468064,72.7,74.2,10.0,10.0,78.0,43.03,44.23,19.18992647058823,35.57419117647057,46.494926470588254,43.46286764705883,46.597205882352924
107,Madagascar,Africa,27.691019,1599.044,11.4,15.396666666666667,1.92,4.188,43.58,68.9,41.41,11.11,37.4,55.956371739851015,75.9,64.8,55.0,50.0,128.0,43.03,44.23,19.18992647058823,35.57419117647057,46.494926470588254,43.46286764705883,46.597205882352924
108,Mozambique,Africa,31.255435,1276.615,27.1,31.451999999999998,3.39,3.141,122.225,47.8,35.18,21.35,36.7,47.38861683017702,78.8,70.6,35.0,50.0,101.0,43.03,44.23,19.18992647058823,35.57419117647057,46.494926470588254,43.46286764705883,46.597205882352924
109,Niger,Africa,24.206636,1258.705,11.1,21.85366666666667,0.69,2.762,44.221,17.6,50.73,20.91,35.2,53.598337178739094,74.6,62.6,55.0,40.0,104.0,43.03,44.23,19.18992647058823,35.57419117647057,46.494926470588254,43.46286764705883,46.597205882352924
110,Liberia,Africa,5.057677,1556.992,12.0,32.655,3.3,16.953,61.767,57.5,44.77,23.1,34.8,43.169295557739,61.7,60.8,55.0,20.0,97.0,43.03,44.23,19.18992647058823,35.57419117647057,46.494926470588254,43.46286764705883,46.597205882352924
111,Equatorial Guinea,Africa,1.402985,17788.365,6.3,17.344333333333335,9.15,4.798,51.079,85.7,35.59,15.06,34.4,46.49396598355639,73.0,48.8,40.0,30.0,72.07913669064749,43.03,44.23,19.18992647058823,35.57419117647057,46.494926470588254,43.46286764705883,46.597205882352924
112,Sierra Leone,Africa,7.976985,1724.897,14.4,22.41633333333333,4.6,15.696,71.947,31.4,45.76,23.03,34.4,38.18874054094852,65.1,63.6,60.0,20.0,140.0,43.03,44.23,19.18992647058823,35.57419117647057,46.494926470588254,43.46286764705883,46.597205882352924
113,Malawi,Africa,19.129955,993.313,18.3,20.492333333333335,5.99,8.638,67.264,62.7,43.13,19.33,34.0,56.41499956460205,71.1,67.4,50.0,50.0,138.0,43.03,44.23,19.18992647058823,35.57419117647057,46.494926470588254,43.46286764705883,46.597205882352924
114,Haiti,America,11.402533,2915.518,7.4,10.074666666666666,14.5,22.945,25.134,52.9,36.44,12.17,33.5,54.727648690961935,56.2,65.4,30.0,30.0,72.07913669064749,43.03,44.23,19.18992647058823,35.57419117647057,46.494926470588254,43.46286764705883,46.597205882352924
115,Guinea-Bissau,Africa,1.967998,2347.589,9.5,21.764,3.16,1.463,78.066,42.4,37.22,16.53,31.5,56.41346767035134,83.4,55.8,30.0,30.0,72.07913669064749,43.03,44.23,19.18992647058823,35.57419117647057,46.494926470588254,43.46286764705883,46.597205882352924
116,Eritrea,Africa,3.55,1820.706,30.5,32.373333333333335,7.44,4.914,184.701,58.6,34.33,9.6,30.1,51.24277617002139,61.5,69.2,0.0,20.0,72.07913669064749,43.03,44.23,19.18992647058823,35.57419117647057,46.494926470588254,43.46286764705883,46.597205882352924
117,"Congo, Republic of",Africa,5.518092,4187.539,8.5,21.584999999999997,10.27,2.386,101.682,700.0,2.0,42.57,29.5,43.33489889634129,80.5,56.4,35.0,30.0,72.07913669064749,43.03,44.23,19.18992647058823,35.57419117647057,46.494926470588254,43.46286764705883,46.597205882352924
118,"Congo, Democratic Republic of the Congo",Africa,89.561404,1106.371,7.5,11.947333333333333,4.55,11.349,15.156,700.0,2.0,43.69,28.3,53.96074192621193,63.7,68.0,30.0,20.0,99.0,43.03,44.23,19.18992647058823,35.57419117647057,46.494926470588254,43.46286764705883,46.597205882352924
119,Chad,Africa,16.425859,1611.004,13.3,15.554666666666668,2.26,3.482,43.003,47.5,45.73,16.38,28.2,54.47666594726713,74.2,52.0,60.0,40.0,130.0,43.03,44.23,19.18992647058823,35.57419117647057,46.494926470588254,43.46286764705883,46.597205882352924
120,Burundi,Africa,11.890781,759.861,12.9,28.051333333333332,0.8,7.305,69.513,51.6,42.22,13.46,27.5,41.51619632566161,70.3,51.0,50.0,30.0,102.0,43.03,44.23,19.18992647058823,35.57419117647057,46.494926470588254,43.46286764705883,46.597205882352924
121,Central African Republic,Africa,4.829764,979.403,8.6,19.886,4.33,2.304,44.932,51.0,33.91,18.65,26.5,39.54731074710646,75.3,46.2,45.0,30.0,72.07913669064749,43.03,44.23,19.18992647058823,35.57419117647057,46.494926470588254,43.46286764705883,46.597205882352924
122,"Korea, North ",Asia,25.778815,12698.0,20.718022598870046,32.61161363636366,2.81,21.670460674157297,69.2471555555555,1300.0,3.0,15.54,5.0,5.0,0.0,0.0,0.0,0.0,72.07913669064749,43.03,44.23,19.18992647058823,35.57419117647057,46.494926470588254,43.46286764705883,46.597205882352924
123,Liechtenstein,Europe,0.038137,12698.0,20.718022598870046,32.61161363636366,1.9,21.670460674157297,69.2471555555555,100.0,10.21,7.18,61.2,55.7202824924999,74.39147727272727,69.53750000000004,57.13068181818182,48.86363636363637,72.07913669064749,43.03,44.23,19.18992647058823,35.57419117647057,46.494926470588254,43.46286764705883,46.597205882352924
124,American Samoa ,Oceania,9.9,12698.0,20.718022598870046,32.61161363636366,8.015921787709491,21.670460674157297,69.2471555555555,97.0,22.46,3.27,61.2,55.7202824924999,74.39147727272727,69.53750000000004,57.13068181818182,48.86363636363637,72.07913669064749,43.03,44.23,19.18992647058823,35.57419117647057,46.494926470588254,43.46286764705883,46.597205882352924
125,Andorra ,Europe,9.9,12698.0,20.718022598870046,32.61161363636366,8.015921787709491,21.670460674157297,69.2471555555555,100.0,8.71,6.25,61.2,55.7202824924999,74.39147727272727,69.53750000000004,57.13068181818182,48.86363636363637,72.07913669064749,43.03,44.23,19.18992647058823,35.57419117647057,46.494926470588254,43.46286764705883,46.597205882352924
126,Anguilla ,America,9.9,12698.0,20.718022598870046,32.61161363636366,8.015921787709491,21.670460674157297,69.2471555555555,95.0,14.17,5.34,61.2,55.7202824924999,74.39147727272727,69.53750000000004,57.13068181818182,48.86363636363637,72.07913669064749,43.03,44.23,19.18992647058823,35.57419117647057,46.494926470588254,43.46286764705883,46.597205882352924
127,Antigua & Barbuda ,America,9.9,12698.0,20.718022598870046,32.61161363636366,8.015921787709491,21.670460674157297,69.2471555555555,89.0,16.93,5.37,61.2,55.7202824924999,74.39147727272727,69.53750000000004,57.13068181818182,48.86363636363637,72.07913669064749,43.03,44.23,19.18992647058823,35.57419117647057,46.494926470588254,43.46286764705883,46.597205882352924
128,Aruba,America,9.9,12698.0,20.718022598870046,32.61161363636366,8.015921787709491,21.670460674157297,69.2471555555555,97.0,11.03,6.68,61.2,55.7202824924999,74.39147727272727,69.53750000000004,57.13068181818182,48.86363636363637,72.07913669064749,43.03,44.23,19.18992647058823,35.57419117647057,46.494926470588254,43.46286764705883,46.597205882352924
129,British Virgin Islands,America,9.9,12698.0,20.718022598870046,32.61161363636366,8.015921787709491,21.670460674157297,69.2471555555555,97.8,14.89,4.42,61.2,55.7202824924999,74.39147727272727,69.53750000000004,57.13068181818182,48.86363636363637,72.07913669064749,43.03,44.23,19.18992647058823,35.57419117647057,46.494926470588254,43.46286764705883,46.597205882352924
130,Cayman Islands ,America,9.9,12698.0,20.718022598870046,32.61161363636366,8.015921787709491,21.670460674157297,69.2471555555555,98.0,12.74,4.89,61.2,55.7202824924999,74.39147727272727,69.53750000000004,57.13068181818182,48.86363636363637,72.07913669064749,43.03,44.23,19.18992647058823,35.57419117647057,46.494926470588254,43.46286764705883,46.597205882352924
131,Cook Islands,Oceania,9.9,12698.0,20.718022598870046,32.61161363636366,8.015921787709491,21.670460674157297,69.2471555555555,95.0,21.0,9.818468468468472,61.2,55.7202824924999,74.39147727272727,69.53750000000004,57.13068181818182,48.86363636363637,72.07913669064749,43.03,44.23,19.18992647058823,35.57419117647057,46.494926470588254,43.46286764705883,46.597205882352924
132,East Timor,Asia,9.9,12698.0,20.718022598870046,32.61161363636366,8.015921787709491,21.670460674157297,69.2471555555555,58.6,26.99,6.24,61.2,55.7202824924999,74.39147727272727,69.53750000000004,57.13068181818182,48.86363636363637,72.07913669064749,43.03,44.23,19.18992647058823,35.57419117647057,46.494926470588254,43.46286764705883,46.597205882352924
133,Faroe Islands,Europe,9.9,12698.0,20.718022598870046,32.61161363636366,8.015921787709491,21.670460674157297,69.2471555555555,275.8004784688995,14.05,8.7,61.2,55.7202824924999,74.39147727272727,69.53750000000004,57.13068181818182,48.86363636363637,72.07913669064749,43.03,44.23,19.18992647058823,35.57419117647057,46.494926470588254,43.46286764705883,46.597205882352924
134,French Guiana ,America,9.9,12698.0,20.718022598870046,32.61161363636366,8.015921787709491,21.670460674157297,69.2471555555555,83.0,20.46,4.88,61.2,55.7202824924999,74.39147727272727,69.53750000000004,57.13068181818182,48.86363636363637,72.07913669064749,43.03,44.23,19.18992647058823,35.57419117647057,46.494926470588254,43.46286764705883,46.597205882352924
135,French Polynesia ,Oceania,9.9,12698.0,20.718022598870046,32.61161363636366,8.015921787709491,21.670460674157297,69.2471555555555,98.0,16.68,4.69,61.2,55.7202824924999,74.39147727272727,69.53750000000004,57.13068181818182,48.86363636363637,72.07913669064749,43.03,44.23,19.18992647058823,35.57419117647057,46.494926470588254,43.46286764705883,46.597205882352924
136,Gaza Strip ,Asia,9.9,12698.0,20.718022598870046,32.61161363636366,8.015921787709491,21.670460674157297,69.2471555555555,275.8004784688995,39.45,3.8,61.2,55.7202824924999,74.39147727272727,69.53750000000004,57.13068181818182,48.86363636363637,72.07913669064749,43.03,44.23,19.18992647058823,35.57419117647057,46.494926470588254,43.46286764705883,46.597205882352924
137,Greenland ,America,9.9,12698.0,20.718022598870046,32.61161363636366,8.015921787709491,21.670460674157297,69.2471555555555,275.8004784688995,15.93,7.84,61.2,55.7202824924999,74.39147727272727,69.53750000000004,57.13068181818182,48.86363636363637,72.07913669064749,43.03,44.23,19.18992647058823,35.57419117647057,46.494926470588254,43.46286764705883,46.597205882352924
138,Grenada ,America,9.9,12698.0,20.718022598870046,32.61161363636366,8.015921787709491,21.670460674157297,69.2471555555555,98.0,22.08,6.88,61.2,55.7202824924999,74.39147727272727,69.53750000000004,57.13068181818182,48.86363636363637,72.07913669064749,43.03,44.23,19.18992647058823,35.57419117647057,46.494926470588254,43.46286764705883,46.597205882352924
139,Guadeloupe ,America,9.9,12698.0,20.718022598870046,32.61161363636366,8.015921787709491,21.670460674157297,69.2471555555555,90.0,15.05,6.09,61.2,55.7202824924999,74.39147727272727,69.53750000000004,57.13068181818182,48.86363636363637,72.07913669064749,43.03,44.23,19.18992647058823,35.57419117647057,46.494926470588254,43.46286764705883,46.597205882352924
140,Guam ,Oceania,9.9,12698.0,20.718022598870046,32.61161363636366,8.015921787709491,21.670460674157297,69.2471555555555,99.0,18.79,4.48,61.2,55.7202824924999,74.39147727272727,69.53750000000004,57.13068181818182,48.86363636363637,72.07913669064749,43.03,44.23,19.18992647058823,35.57419117647057,46.494926470588254,43.46286764705883,46.597205882352924
141,Isle of Man ,Europe,9.9,12698.0,20.718022598870046,32.61161363636366,8.015921787709491,21.670460674157297,69.2471555555555,275.8004784688995,11.05,11.19,61.2,55.7202824924999,74.39147727272727,69.53750000000004,57.13068181818182,48.86363636363637,72.07913669064749,43.03,44.23,19.18992647058823,35.57419117647057,46.494926470588254,43.46286764705883,46.597205882352924
142,Macao,Asia,9.9,12698.0,20.718022598870046,32.61161363636366,8.015921787709491,21.670460674157297,69.2471555555555,94.5,8.48,4.47,61.2,55.7202824924999,74.39147727272727,69.53750000000004,57.13068181818182,48.86363636363637,72.07913669064749,43.03,44.23,19.18992647058823,35.57419117647057,46.494926470588254,43.46286764705883,46.597205882352924
143,Marshall Islands ,Oceania,9.9,12698.0,20.718022598870046,32.61161363636366,8.015921787709491,21.670460674157297,69.2471555555555,93.7,33.05,4.78,61.2,55.7202824924999,74.39147727272727,69.53750000000004,57.13068181818182,48.86363636363637,72.07913669064749,43.03,44.23,19.18992647058823,35.57419117647057,46.494926470588254,43.46286764705883,46.597205882352924
144,Martinique ,America,9.9,12698.0,20.718022598870046,32.61161363636366,8.015921787709491,21.670460674157297,69.2471555555555,97.7,13.74,6.48,61.2,55.7202824924999,74.39147727272727,69.53750000000004,57.13068181818182,48.86363636363637,72.07913669064749,43.03,44.23,19.18992647058823,35.57419117647057,46.494926470588254,43.46286764705883,46.597205882352924
145,Mayotte ,Africa,9.9,12698.0,20.718022598870046,32.61161363636366,8.015921787709491,21.670460674157297,69.2471555555555,275.8004784688995,40.95,7.7,61.2,55.7202824924999,74.39147727272727,69.53750000000004,57.13068181818182,48.86363636363637,72.07913669064749,43.03,44.23,19.18992647058823,35.57419117647057,46.494926470588254,43.46286764705883,46.597205882352924
146,Monaco ,Europe,9.9,12698.0,20.718022598870046,32.61161363636366,8.015921787709491,21.670460674157297,69.2471555555555,99.0,9.19,12.91,61.2,55.7202824924999,74.39147727272727,69.53750000000004,57.13068181818182,48.86363636363637,72.07913669064749,43.03,44.23,19.18992647058823,35.57419117647057,46.494926470588254,43.46286764705883,46.597205882352924
147,Montserrat ,America,9.9,12698.0,20.718022598870046,32.61161363636366,8.015921787709491,21.670460674157297,69.2471555555555,97.0,17.59,7.1,61.2,55.7202824924999,74.39147727272727,69.53750000000004,57.13068181818182,48.86363636363637,72.07913669064749,43.03,44.23,19.18992647058823,35.57419117647057,46.494926470588254,43.46286764705883,46.597205882352924
148,Nauru ,Oceania,9.9,12698.0,20.718022598870046,32.61161363636366,8.015921787709491,21.670460674157297,69.2471555555555,275.8004784688995,24.76,6.7,61.2,55.7202824924999,74.39147727272727,69.53750000000004,57.13068181818182,48.86363636363637,72.07913669064749,43.03,44.23,19.18992647058823,35.57419117647057,46.494926470588254,43.46286764705883,46.597205882352924
149,Netherlands Antilles ,America,9.9,12698.0,20.718022598870046,32.61161363636366,8.015921787709491,21.670460674157297,69.2471555555555,96.7,14.78,6.45,61.2,55.7202824924999,74.39147727272727,69.53750000000004,57.13068181818182,48.86363636363637,72.07913669064749,43.03,44.23,19.18992647058823,35.57419117647057,46.494926470588254,43.46286764705883,46.597205882352924
150,New Caledonia ,Oceania,9.9,12698.0,20.718022598870046,32.61161363636366,8.015921787709491,21.670460674157297,69.2471555555555,91.0,18.11,5.69,61.2,55.7202824924999,74.39147727272727,69.53750000000004,57.13068181818182,48.86363636363637,72.07913669064749,43.03,44.23,19.18992647058823,35.57419117647057,46.494926470588254,43.46286764705883,46.597205882352924
151,N. Mariana Islands ,Oceania,9.9,12698.0,20.718022598870046,32.61161363636366,8.015921787709491,21.670460674157297,69.2471555555555,97.0,19.43,2.29,61.2,55.7202824924999,74.39147727272727,69.53750000000004,57.13068181818182,48.86363636363637,72.07913669064749,43.03,44.23,19.18992647058823,35.57419117647057,46.494926470588254,43.46286764705883,46.597205882352924
152,Palau ,Oceania,9.9,12698.0,20.718022598870046,32.61161363636366,8.015921787709491,21.670460674157297,69.2471555555555,92.0,18.03,6.8,61.2,55.7202824924999,74.39147727272727,69.53750000000004,57.13068181818182,48.86363636363637,72.07913669064749,43.03,44.23,19.18992647058823,35.57419117647057,46.494926470588254,43.46286764705883,46.597205882352924
153,Palestine,Asia,9.9,12698.0,20.718022598870046,32.61161363636366,8.015921787709491,21.670460674157297,69.2471555555555,275.8004784688995,21.370134529147986,9.818468468468472,61.2,55.7202824924999,74.39147727272727,69.53750000000004,57.13068181818182,48.86363636363637,72.07913669064749,43.03,44.23,19.18992647058823,35.57419117647057,46.494926470588254,43.46286764705883,46.597205882352924
154,Reunion ,Africa,9.9,12698.0,20.718022598870046,32.61161363636366,8.015921787709491,21.670460674157297,69.2471555555555,88.9,18.9,5.49,61.2,55.7202824924999,74.39147727272727,69.53750000000004,57.13068181818182,48.86363636363637,72.07913669064749,43.03,44.23,19.18992647058823,35.57419117647057,46.494926470588254,43.46286764705883,46.597205882352924
155,Saint Helena ,Africa,9.9,12698.0,20.718022598870046,32.61161363636366,8.015921787709491,21.670460674157297,69.2471555555555,97.0,12.13,6.53,61.2,55.7202824924999,74.39147727272727,69.53750000000004,57.13068181818182,48.86363636363637,72.07913669064749,43.03,44.23,19.18992647058823,35.57419117647057,46.494926470588254,43.46286764705883,46.597205882352924
156,Saint Kitts & Nevis ,America,9.9,12698.0,20.718022598870046,32.61161363636366,8.015921787709491,21.670460674157297,69.2471555555555,97.0,18.02,8.33,61.2,55.7202824924999,74.39147727272727,69.53750000000004,57.13068181818182,48.86363636363637,72.07913669064749,43.03,44.23,19.18992647058823,35.57419117647057,46.494926470588254,43.46286764705883,46.597205882352924
157,St Pierre & Miquelon ,America,9.9,12698.0,20.718022598870046,32.61161363636366,8.015921787709491,21.670460674157297,69.2471555555555,99.0,13.52,6.83,61.2,55.7202824924999,74.39147727272727,69.53750000000004,57.13068181818182,48.86363636363637,72.07913669064749,43.03,44.23,19.18992647058823,35.57419117647057,46.494926470588254,43.46286764705883,46.597205882352924
158,San Marino ,Europe,9.9,12698.0,20.718022598870046,32.61161363636366,8.015921787709491,21.670460674157297,69.2471555555555,96.0,10.02,8.17,61.2,55.7202824924999,74.39147727272727,69.53750000000004,57.13068181818182,48.86363636363637,72.07913669064749,43.03,44.23,19.18992647058823,35.57419117647057,46.494926470588254,43.46286764705883,46.597205882352924
159,Swaziland ,Africa,9.9,12698.0,20.718022598870046,32.61161363636366,8.015921787709491,21.670460674157297,69.2471555555555,81.6,27.41,29.74,61.2,55.7202824924999,74.39147727272727,69.53750000000004,57.13068181818182,48.86363636363637,72.07913669064749,43.03,44.23,19.18992647058823,35.57419117647057,46.494926470588254,43.46286764705883,46.597205882352924
160,Turks & Caicos Islands,America,9.9,12698.0,20.718022598870046,32.61161363636366,8.015921787709491,21.670460674157297,69.2471555555555,98.0,21.84,4.21,61.2,55.7202824924999,74.39147727272727,69.53750000000004,57.13068181818182,48.86363636363637,72.07913669064749,43.03,44.23,19.18992647058823,35.57419117647057,46.494926470588254,43.46286764705883,46.597205882352924
161,Tuvalu ,Oceania,9.9,12698.0,20.718022598870046,32.61161363636366,8.015921787709491,21.670460674157297,69.2471555555555,275.8004784688995,22.18,7.11,61.2,55.7202824924999,74.39147727272727,69.53750000000004,57.13068181818182,48.86363636363637,72.07913669064749,43.03,44.23,19.18992647058823,35.57419117647057,46.494926470588254,43.46286764705883,46.597205882352924
162,Virgin Islands ,America,9.9,12698.0,20.718022598870046,32.61161363636366,8.015921787709491,21.670460674157297,69.2471555555555,275.8004784688995,13.96,6.43,61.2,55.7202824924999,74.39147727272727,69.53750000000004,57.13068181818182,48.86363636363637,72.07913669064749,43.03,44.23,19.18992647058823,35.57419117647057,46.494926470588254,43.46286764705883,46.597205882352924
163,Wallis and Futuna ,Oceania,9.9,12698.0,20.718022598870046,32.61161363636366,8.015921787709491,21.670460674157297,69.2471555555555,50.0,21.370134529147986,9.818468468468472,61.2,55.7202824924999,74.39147727272727,69.53750000000004,57.13068181818182,48.86363636363637,72.07913669064749,43.03,44.23,19.18992647058823,35.57419117647057,46.494926470588254,43.46286764705883,46.597205882352924
164,West Bank ,Asia,9.9,12698.0,20.718022598870046,32.61161363636366,8.015921787709491,21.670460674157297,69.2471555555555,275.8004784688995,31.67,3.92,61.2,55.7202824924999,74.39147727272727,69.53750000000004,57.13068181818182,48.86363636363637,72.07913669064749,43.03,44.23,19.18992647058823,35.57419117647057,46.494926470588254,43.46286764705883,46.597205882352924
165,Western Sahara ,Africa,9.9,12698.0,20.718022598870046,32.61161363636366,8.015921787709491,21.670460674157297,69.2471555555555,275.8004784688995,21.370134529147986,9.818468468468472,61.2,55.7202824924999,74.39147727272727,69.53750000000004,57.13068181818182,48.86363636363637,72.07913669064749,43.03,44.23,19.18992647058823,35.57419117647057,46.494926470588254,43.46286764705883,46.597205882352924
166,Tunisia,Africa,11.818618,10119.767,32.1,33.172,16.69,5.687,87.635,74.2,15.52,5.13,57.7,55.95589496114456,74.4,66.2,45.0,30.0,120.0,43.69,27.87,5.32,17.3,27.36,15.96,27.83
167,Peru,America,32.971846,11871.216,16.6,22.968666666666667,6.24,1.827,35.364,90.9,20.48,6.23,65.3,59.57562500507427,81.4,81.4,75.0,60.0,74.0,44.0,32.53,11.22,22.54,30.71,21.53,28.17
168,Belgium,Europe,11.555997,51096.132,42.92,54.752,6.01,0.428,114.99,98.0,10.38,10.27,82.8,57.404519706720336,84.3,79.2,85.0,70.0,19.0,44.58,72.61,25.79,50.67,63.32,78.63,79.72
169,Italy,Europe,59.554023,40861.285,42.45,51.43633333333333,9.31,-0.145,155.562,98.6,8.72,10.4,73.8,70.39570100469261,86.2,79.2,80.0,50.0,31.0,44.85,66.47,20.55,44.95,57.95,70.58,61.74
170,Ireland,Europe,4.994724,94391.533,22.66,25.861333333333334,5.92,-0.459,59.801,98.0,14.45,7.82,87.2,60.94500661794921,85.2,79.2,90.0,70.0,13.0,45.51,76.05,42.08,60.13,62.1,80.4,82.27
171,Greece,Europe,10.715549,28748.181,38.71,52.30733333333333,16.85,-1.262,213.101,97.5,9.68,10.24,70.3,61.12361000948266,78.6,79.2,55.0,50.0,58.0,45.85,56.22,12.68,35.81,44.73,52.19,39.73
172,Indonesia,Asia,273.523621,12221.919,9.47,17.081999999999997,4.11,2.033,36.621,87.9,20.34,6.25,66.6,59.28860665861482,80.3,78.6,50.0,60.0,87.0,45.93,35.85,9.82,23.65,38.29,17.74,21.07
173,United Kingdom,Europe,67.215293,44116.865,32.7,42.327333333333335,4.34,0.851,103.659,99.0,10.71,10.13,79.1,62.06336913619892,83.0,84.2,80.0,80.0,17.0,46.07,69.65,31.84,51.93,56.58,76.79,88.78
174,Vietnam,Asia,97.338583,10868.858,16.9,21.99,2.27,3.222,46.615,90.3,16.86,6.22,73.6,53.90125669368355,68.8,78.8,40.0,50.0,77.0,46.19,37.48,13.22,26.11,38.7,19.98,29.38
175,Moldova,Oceania,2.61782,12811.316,17.3,32.611,4.71,3.768,35.311,99.1,15.7,12.64,64.2,46.44821062826554,72.4,76.6,55.0,50.0,62.0,46.35,30.35,8.7,20.2,24.96,27.1,33.43
176,Ghana,Africa,31.072945,5692.643,14.1,23.241666666666664,4.53,9.885,78.009,74.8,30.52,9.72,60.9,55.36403120079075,70.8,63.0,70.0,60.0,111.0,47.0,36.2,19.31,28.28,37.53,30.06,16.82
177,Ukraine,Europe,44.134693,13109.593,19.2,43.02,9.48,2.74,60.747,99.7,8.82,14.39,61.1,60.68860071584,71.2,78.6,35.0,30.0,98.0,47.42,30.71,10.57,21.27,26.3,25.75,37.22
178,United States,America,329.484123,63415.985,24.47,38.943000000000005,8.31,1.248,127.113,97.0,14.14,8.26,87.5,75.82683252913613,82.3,75.2,85.0,80.0,16.0,47.81,70.13,42.07,56.98,70.37,70.07,106.34
179,Sweden,Europe,10.353442,54146.128,42.91,49.54,8.5,0.657,38.489,99.0,10.27,10.31,84.6,65.44378678633784,83.6,79.2,85.0,80.0,7.0,48.0,71.74,25.86,50.23,65.78,72.61,98.14
180,Morocco,Africa,36.910558,7619.886,27.8,31.750333333333334,10.15,0.622,76.072,51.7,21.98,5.58,64.8,46.38849499287122,80.0,68.6,65.0,70.0,100.0,48.66,33.83,8.98,22.18,30.63,24.52,34.36
181,Nepal,Asia,29.1,4060.595,22.07,27.587666666666664,4.44,6.15,41.309,45.2,30.98,9.31,60.2,51.479468496965886,70.0,57.6,10.0,30.0,84.0,49.0,28.29,3.96,16.89,26.45,20.41,22.96
182,Venezuela,America,28.435943,5178.267,16.7,26.903000000000002,9.14,2355.147,304.125,93.4,18.71,4.92,30.8,37.57544674625758,0.0,54.8,0.0,10.0,108.0,51.0,43.2,9.99,27.63,37.34,46.23,15.41
183,Cambodia,Asia,16.718971,4695.073,18.23,24.80966666666667,0.31,2.94,31.576,69.4,26.9,9.06,55.2,47.791989990528194,74.7,64.8,50.0,50.0,15.0,51.13,49.11,15.68,33.44,50.61,22.9,13.32
184,France,Europe,67.391582,46061.96,45.4,57.593333333333334,8.62,0.525,113.461,99.0,11.99,9.14,81.9,58.80043628655894,79.1,79.2,75.0,70.0,20.0,51.99,74.13,25.33,51.26,73.64,71.84,85.41
185,Algeria,Africa,43.851043,11112.187,37.2,37.827,12.83,2.415,53.067,70.0,17.14,4.61,50.0,51.47008340423021,80.1,57.4,30.0,30.0,96.0,52.03,26.87,4.59,16.43,28.82,14.48,24.63
186,Cameroon,Africa,26.545864,3646.457,14.6,18.16433333333333,3.62,2.801,43.17,79.0,33.89,13.47,60.4,46.398727963298825,79.9,55.2,30.0,50.0,72.07913669064749,53.0,39.48,6.91,24.22,40.41,26.33,15.37
187,Kazakhstan,Asia,18.75444,26564.615,15.07,21.206,6.05,6.799,27.363,98.4,16.0,9.42,64.7,62.66597227297059,69.1,75.4,50.0,50.0,40.0,53.77,28.68,9.44,19.66,25.35,27.24,32.23
188,Mongolia,Asia,3.278292,11825.249,18.71,32.57966666666667,4.33,3.717,76.574,97.8,21.59,6.95,66.5,67.48925123406052,76.0,74.4,50.0,50.0,68.0,56.01,34.74,11.22,23.72,36.14,22.8,24.34
189,Malaysia,Asia,32.365998,27402.241,11.95,23.88933333333333,4.55,-1.139,67.502,88.7,22.86,5.05,67.1,57.01797502551222,83.6,82.2,60.0,50.0,70.0,57.29,37.02,9.87,24.29,39.45,20.84,55.3
190,Fiji,Oceania,0.896444,11566.584,22.7,31.833,4.79,-2.6,73.657,93.7,22.55,5.65,58.8,65.96674537027965,74.9,55.2,55.0,50.0,72.07913669064749,57.62,43.16,17.76,31.26,48.06,37.42,35.87
191,Belarus,Europe,9.398861,20187.326,13.3,37.982,5.28,5.536,48.045,99.6,11.16,14.02,54.5,46.75630581304394,70.2,75.6,30.0,20.0,65.0,59.58,30.89,9.81,21.01,27.24,31.64,31.78
192,Syria,Asia,17.500657,12698.0,20.718022598870046,32.61161363636366,9.03,21.670460674157297,52.7,76.9,27.76,4.81,61.2,55.7202824924999,74.39147727272727,69.53750000000004,57.13068181818182,48.86363636363637,72.07913669064749,60.0,28.75,5.17,17.7,29.34,22.81,6.59
193,Sri Lanka,Asia,21.919,13214.802,8.12,20.46466666666667,4.84,4.557,100.078,92.3,15.51,6.52,58.3,55.66853401665525,71.6,47.0,40.0,40.0,127.0,61.0,31.29,8.23,20.48,37.67,17.27,19.27
194,Dominican Republic,America,10.847904,18608.133,13.5,18.345,8.9,3.783,69.405,84.7,23.22,5.73,68.1,52.90954438668888,73.5,69.0,70.0,40.0,69.0,61.02,41.77,9.59,26.68,38.45,34.3,21.07
195,Libya,Africa,6.871287,5893.257,20.718022598870046,32.61161363636366,19.39,22.256,11.3,82.6,26.49,3.48,61.2,55.7202824924999,74.39147727272727,69.53750000000004,57.13068181818182,48.86363636363637,86.0,61.78,48.35,12.89,31.73,54.03,34.1,33.25
196,Bahamas,America,0.393248,33148.146,18.7,21.732333333333333,14.41,0.039,68.649,16700.0,2.0,17.57,63.3,69.2841924249519,79.2,49.0,50.0,60.0,72.07913669064749,62.06,84.0,35.34,61.19,70.59,89.09,45.07
197,Zambia,Africa,18.383956,3341.987,16.7,29.817333333333334,12.17,16.35,117.761,80.6,41.0,19.93,44.2,41.939760480700734,66.4,68.2,55.0,50.0,137.0,63.0,33.04,9.26,21.9,31.53,22.46,40.33
198,Chile,America,19.116209,23366.265,20.66,27.01533333333333,11.51,3.044,32.542,96.2,15.23,5.81,76.2,57.97552746948497,79.4,78.0,70.0,70.0,44.0,65.0,43.9,13.51,29.66,38.87,43.26,33.27
199,Ecuador,America,17.64306,11008.713,20.1,36.653,6.23,-0.339,64.582,92.5,22.29,4.23,60.3,57.278320167123184,81.5,61.0,35.0,40.0,76.0,67.0,37.34,11.28,25.12,34.49,28.55,31.76
200,Jamaica,America,2.961161,9975.179,28.6,30.752999999999997,8.4,5.21,105.583,87.9,20.82,6.52,56.5,64.6885009829731,76.2,69.2,80.0,50.0,63.0,67.42,49.67,15.1,33.46,53.41,35.04,30.25
201,Guatemala,America,16.858333,8292.577,13.1,14.094999999999999,4.65,2.437,31.742,70.6,29.88,5.2,62.1,50.26962255979459,79.3,75.0,70.0,50.0,39.0,68.0,43.49,15.6,30.42,41.92,32.59,26.35
202,Somalia,Africa,15.893219,924.532,20.718022598870046,32.61161363636366,13.1,21.670460674157297,69.2471555555555,37.8,45.13,16.63,61.2,55.7202824924999,74.39147727272727,69.53750000000004,57.13068181818182,48.86363636363637,72.07913669064749,70.0,34.58,5.16,20.79,39.39,26.65,29.4
203,Trinidad and Tobago,America,1.399491,25031.373,23.7,32.14633333333333,6.74,0.599,59.378,98.6,12.9,10.57,60.9,57.40031223723853,84.6,68.8,60.0,50.0,72.07913669064749,71.63,54.88,15.97,36.64,53.96,53.74,38.47
204,Zimbabwe,Africa,14.862926999999999,2621.82,12.6,20.684,5.7,557.21,88.873,90.7,28.01,21.84,36.9,34.924651824925974,0.0,0.0,25.0,10.0,144.0,74.0,45.68,8.75,28.37,39.88,38.13,19.07
205,Rwanda,Africa,12.952209,2336.728,17.1,28.115,1.35,8.0,60.962,70.4,40.37,16.09,50.7,42.55874771806288,74.4,58.2,60.0,40.0,143.0,76.0,31.62,15.9,24.25,27.71,27.99,26.82
206,Bolivia,America,11.673029,8343.912,24.7,37.065,5.61,0.942,67.29,87.2,23.3,7.53,54.7,46.24902944728225,72.8,60.8,15.0,40.0,71.0,80.0,34.77,10.18,23.24,31.26,24.97,36.04
207,Papua New Guinea,Oceania,8.947027,3833.369,11.82,21.596999999999998,2.74,4.992,49.178,64.6,29.36,7.25,47.9,65.13201764243242,71.4,80.4,25.0,30.0,72.07913669064749,80.79,44.23,19.18992647058823,35.57419117647057,46.494926470588254,43.46286764705883,46.597205882352924
208,Jordan,Asia,10.20314,10305.601,14.8,30.753,18.5,0.397,88.54,91.3,21.25,2.65,59.6,57.22778957446341,84.2,71.8,70.0,60.0,134.0,83.0,49.19,9.23,30.46,40.81,41.16,31.34
209,Honduras,America,9.904608,5449.575,21.9,26.627,9.39,3.468,48.882,76.2,28.24,5.28,56.9,39.11366688894885,72.7,71.6,65.0,60.0,55.0,89.0,40.46,10.28,26.31,34.73,28.67,32.09
210,United Arab Emirates,Africa,9.8904,58753.003,1.0,30.848666666666663,5.0,-2.074,38.329,77.9,18.96,4.4,73.2,64.92206324960993,80.8,78.2,50.0,60.0,24.0,97.0,58.33,43.28,51.28,46.67,61.53,92.17
211,Israel,Asia,9.2169,40547.288,30.47,41.486333333333334,4.61,-0.587,73.035,95.4,17.97,6.18,81.1,56.453920055462525,84.8,78.8,80.0,70.0,9.0,98.0,88.05,33.94,62.69,76.72,95.31,75.58
212,Nicaragua,America,6.624554,5574.78,25.9,28.175333333333338,5.82,3.705,46.005,67.5,24.51,4.45,53.8,46.93605378309264,72.0,67.8,60.0,50.0,45.0,106.0,39.64,8.68,25.13,38.13,27.51,17.63
213,Paraguay,America,7.13253,12881.025,13.9,23.090333333333334,7.61,1.768,34.776,94.0,29.1,4.49,65.4,39.44943137821175,75.6,77.0,75.0,60.0,73.0,109.0,30.2,10.04,20.75,25.45,24.19,26.08
214,Kyrgyz Republic,Asia,6.5916,5036.034,17.87,33.31,7.89,6.323,74.264,66.4,35.49,11.55,56.1,52.194108702703566,71.4,73.2,60.0,50.0,64.0,110.0,44.23,19.18992647058823,35.57419117647057,46.494926470588254,43.46286764705883,46.597205882352924
215,El Salvador,America,6.486201,8421.511,20.8,29.05666666666667,6.98,0.214,88.204,80.2,26.61,5.78,65.0,54.57971698012013,76.8,69.4,60.0,60.0,49.0,112.0,44.37,13.19,29.75,44.32,35.47,21.17
216,Lebanon,Asia,6.825442,11564.192,15.3,27.430666666666667,6.61,88.176,154.364,87.4,18.52,6.21,48.8,54.16010888845489,41.1,74.2,50.0,50.0,145.0,119.0,69.62,24.81,48.61,66.83,54.25,35.12
217,Costa Rica,America,5.094114,19990.085,23.6,21.121,17.08,0.724,68.347,96.0,18.32,4.36,66.0,56.589680708505846,83.1,74.6,70.0,50.0,23.0,124.0,47.01,14.7,31.87,45.54,41.69,39.88
218,Oman,Asia,5.106622,30178.421,2.6,47.312000000000005,4.97,-0.904,81.085,75.8,36.24,3.81,58.1,45.71805944574653,84.7,73.4,65.0,60.0,72.07913669064749,127.0,49.42,16.77,34.11,46.51,43.24,84.24
219,Panama,America,4.314768,27002.932,14.1,24.55333333333333,10.23,-1.55,63.455,92.6,21.74,5.36,67.1,61.53462734125545,78.1,77.2,75.0,70.0,37.0,128.0,51.43,21.75,37.51,52.16,43.38,33.09
220,Kuwait,Africa,4.270563,41626.899,1.4,56.555666666666674,6.79,2.102,11.469,97.0,22.8,7.08,55.4,52.70659325844905,71.7,75.6,55.0,60.0,50.0,129.0,48.68,31.31,40.54,35.63,47.48,78.57
221,Uruguay,America,3.473727,22459.484,29.0,31.498999999999995,12.67,9.756,66.264,98.0,13.91,9.05,75.7,60.33236635218886,70.9,70.4,75.0,30.0,30.0,133.0,52.07,13.93,34.19,44.01,49.39,30.07
222,Qatar,Asia,2.88106,93508.38,14.7,31.97,3.45,-2.719,71.779,82.5,15.56,4.72,58.6,51.937538396320605,76.0,81.4,60.0,60.0,72.07913669064749,143.0,62.81,48.2,55.96,54.97,63.01,93.67
223,Botswana,Africa,2.351625,16892.806,12.1,36.59066666666667,17.7,1.994,19.977,79.8,23.08,29.5,56.7,61.59465058133107,75.4,77.2,65.0,70.0,142.0,144.0,40.17,10.21,26.12,35.16,42.5,62.63
224,Namibia,Africa,2.5,9396.838,19.4,38.08866666666666,20.35,2.568,65.662,84.0,24.32,18.86,55.4,63.410967728954404,79.0,71.2,65.0,40.0,124.0,145.0,44.23,19.18992647058823,35.57419117647057,46.494926470588254,43.46286764705883,46.597205882352924
225,Bahrain,Africa,1.701583,48765.979,3.02,33.92433333333333,4.09,-2.324,132.878,89.1,17.8,4.14,60.2,54.853870148077156,81.1,83.0,85.0,80.0,21.0,154.0,54.77,29.22,42.79,44.59,48.94,61.41
226,Mauritius,Africa,1.26574,20292.269,20.4,29.77,7.11,2.52,87.779,85.6,15.43,6.86,72.0,69.82336985676413,75.9,87.4,80.0,70.0,52.0,157.0,44.23,19.18992647058823,35.57419117647057,46.494926470588254,43.46286764705883,46.597205882352924
227,Cyprus,Europe,1.207361,40107.126,24.2,43.107,7.21,-1.097,118.201,97.6,12.56,7.68,74.9,66.37458090114387,83.9,79.2,75.0,60.0,41.0,158.0,59.03,22.36,41.84,49.2,61.15,57.31
228,Guyana,America,0.786559,19683.729,23.2,28.961,15.82,0.722,43.889,98.8,18.28,8.28,63.1,67.30181879930872,83.3,69.4,55.0,30.0,72.07913669064749,164.0,44.23,19.18992647058823,35.57419117647057,46.494926470588254,43.46286764705883,46.597205882352924
229,Maldives,Asia,0.540542,19608.983,17.49,38.637,7.18,-1.594,142.576,97.2,34.81,7.06,39.8,51.577788018680145,77.2,60.0,35.0,30.0,72.07913669064749,174.0,57.66,30.2,44.78,56.6,34.72,28.59
230,Belize,America,0.397621,6046.025,32.4,34.583,7.82,0.12,127.408,94.1,28.84,5.72,54.0,59.9482058065417,82.5,55.6,55.0,50.0,72.07913669064749,177.0,51.3,11.64,32.71,48.76,36.6,45.73
